n,target_k,algo,variant,measured_k_mean,measured_k_min,measured_k_max,mean_sec,std_sec,min_sec,max_sec,sorted_ok,fallback_rate,timsort_mean_sec,speedup_vs_timsort
10000000,1,HybridLadderSort,hybrid,1.0,1,1,0.027441470699999998,0.0003618529636182969,0.026662541,0.027898,1,0.0,0.0060731332,0.22131223455162702
10000000,1,LadderSort,main,1.0,1,1,0.0277799085,0.0015866067677818487,0.026406458,0.031487333,1,0.0,0.0060731332,0.21861602603910665
10000000,1,StableSort,main,1.0,1,1,0.1518620583,0.01880371652145679,0.143824541,0.20526775,1,0.0,0.0060731332,0.039991116069312486
10000000,1,StdSort,main,1.0,1,1,0.010283812600000001,0.00013104114487713807,0.010135834,0.010555792,1,0.0,0.0060731332,0.5905526905459167
10000000,1,TimSort,main,1.0,1,1,0.0060731332,0.0002959830133432208,0.005885792,0.00689025,1,0.0,0.0060731332,1.0
10000000,2,HybridLadderSort,hybrid,2.0,2,2,0.0549164085,0.0007192861110050176,0.053454792,0.05594275,1,0.0,0.1065200916,1.9396769473735707
10000000,2,LadderSort,main,2.0,2,2,0.0550516001,0.0005760474271906699,0.054396542,0.056397875,1,0.0,0.1065200916,1.934913633872742
10000000,2,StableSort,main,2.0,2,2,0.1681857293,0.0012568328875777746,0.166687833,0.171015042,1,0.0,0.1065200916,0.6333479781152871
10000000,2,StdSort,main,2.0,2,2,0.0908329208,0.0007048042111470524,0.090016875,0.092418459,1,0.0,0.1065200916,1.1727035821576268
10000000,2,TimSort,main,2.0,2,2,0.1065200916,0.0007876580949096575,0.104908583,0.107532791,1,0.0,0.1065200916,1.0
10000000,4,HybridLadderSort,hybrid,4.0,4,4,0.0896682249,0.000302732744200575,0.0889625,0.090079416,1,0.0,0.1131815,1.2622252768605884
10000000,4,LadderSort,main,4.0,4,4,0.090079792,0.0005373809561311663,0.089565459,0.091180625,1,0.0,0.1131815,1.256458274237578
10000000,4,StableSort,main,4.0,4,4,0.16844098329999999,0.0010745972723589688,0.167273375,0.170289666,1,0.0,0.1131815,0.6719356404991969
10000000,4,StdSort,main,4.0,4,4,0.090290421,0.00035391556893919567,0.089740542,0.090774042,1,0.0,0.1131815,1.253527215251328
10000000,4,TimSort,main,4.0,4,4,0.1131815,0.0005005902532863872,0.112455833,0.114243125,1,0.0,0.1131815,1.0
10000000,8,HybridLadderSort,hybrid,8.0,8,8,0.101757129,0.013373991810626557,0.096757541,0.139790834,1,0.0,0.13093925020000002,1.2867820808898807
10000000,8,LadderSort,main,8.0,8,8,0.1046822875,0.012697175261375673,0.097578917,0.14013425,1,0.0,0.13093925020000002,1.2508252668819453
10000000,8,StableSort,main,8.0,8,8,0.16749892500000002,0.0006209233708910232,0.166592375,0.168444791,1,0.0,0.13093925020000002,0.781731883950897
10000000,8,StdSort,main,8.0,8,8,0.10643572100000001,0.003480201368968083,0.104305959,0.115701208,1,0.0,0.13093925020000002,1.230219037084364
10000000,8,TimSort,main,8.0,8,8,0.13093925020000002,0.0005930704030097784,0.130017542,0.131684916,1,0.0,0.13093925020000002,1.0
10000000,16,HybridLadderSort,hybrid,16.0,16,16,0.1105842457,0.000764091741259738,0.109733291,0.112111417,1,0.0,0.13460968339999999,1.2172591362170857
10000000,16,LadderSort,main,16.0,16,16,0.1108262251,0.00020937649145840346,0.1105395,0.111102625,1,0.0,0.13460968339999999,1.2146013570212273
10000000,16,StableSort,main,16.0,16,16,0.1675487543,0.0013443176856737114,0.165710875,0.170076416,1,0.0,0.13460968339999999,0.8034060531359021
10000000,16,StdSort,main,16.0,16,16,0.1169406626,0.011562192274295145,0.112434417,0.149815583,1,0.0,0.13460968339999999,1.1510939001640306
10000000,16,TimSort,main,16.0,16,16,0.13460968339999999,0.0004555498956229166,0.134012834,0.135184458,1,0.0,0.13460968339999999,1.0
10000000,32,HybridLadderSort,hybrid,32.0,32,32,0.14818954580000002,0.014827497302802696,0.142268583,0.19036625,1,0.0,0.11264049579999999,0.7601109456939842
10000000,32,LadderSort,main,32.0,32,32,0.1443046208,0.0003872095723950856,0.143814834,0.1450105,1,0.0,0.11264049579999999,0.7805744208019151
10000000,32,StableSort,main,32.0,32,32,0.16740285000000002,0.0003940691929358484,0.166630292,0.168016292,1,0.0,0.11264049579999999,0.6728708370257733
10000000,32,StdSort,main,32.0,32,32,0.1221250044,0.00017441548601301548,0.121907209,0.122452042,1,0.0,0.11264049579999999,0.9223377010580479
10000000,32,TimSort,main,32.0,32,32,0.11264049579999999,0.00024572825924712536,0.112179458,0.112940875,1,0.0,0.11264049579999999,1.0
10000000,64,HybridLadderSort,hybrid,64.0,64,64,0.15374377509999998,0.0014488248775196683,0.152702167,0.156551625,1,0.0,0.0091235291,0.05934242927276735
10000000,64,LadderSort,main,64.0,64,64,0.1534729917,0.0004844275813427251,0.152473584,0.154336917,1,0.0,0.0091235291,0.05944713137432115
10000000,64,StableSort,main,64.0,64,64,0.1673371999,0.0003982979488137102,0.166906458,0.168037375,1,0.0,0.0091235291,0.05452182243668581
10000000,64,StdSort,main,64.0,64,64,0.1190935209,0.00024419600503349886,0.118781167,0.119586167,1,0.0,0.0091235291,0.07660810622654116
10000000,64,TimSort,main,64.0,64,64,0.0091235291,0.00024385517091478167,0.008803417,0.009544209,1,0.0,0.0091235291,1.0
10000000,128,HybridLadderSort,hybrid,128.0,128,128,0.161450525,0.00038609236437728886,0.160994958,0.162237709,1,0.0,0.0087011087,0.05389334410649949
10000000,128,LadderSort,main,128.0,128,128,0.160993775,0.0007337492176033648,0.159694417,0.161812166,1,0.0,0.0087011087,0.05404624309231832
10000000,128,StableSort,main,128.0,128,128,0.1671605792,9.776511034424471e-05,0.166949708,0.167287,1,0.0,0.0087011087,0.05205239621471711
10000000,128,StdSort,main,128.0,128,128,0.1178669583,0.0004925309785740608,0.11700275,0.118503708,1,0.0,0.0087011087,0.07382144093218701
10000000,128,TimSort,main,128.0,128,128,0.0087011087,0.0001503896919946089,0.008482792,0.008944,1,0.0,0.0087011087,1.0
