n,target_k,measured_k,seed,algo,variant,round,time_sec,k_over_n,used_fallback,sorted_ok,git_hash
10000000,1,1,0,LadderSort,main,1,0.031487333000,0.000000100000,0,1,157e969
10000000,1,1,0,LadderSort,main,2,0.026868667000,0.000000100000,0,1,157e969
10000000,1,1,0,LadderSort,main,3,0.026744750000,0.000000100000,0,1,157e969
10000000,1,1,0,LadderSort,main,4,0.027640959000,0.000000100000,0,1,157e969
10000000,1,1,0,LadderSort,main,5,0.026406458000,0.000000100000,0,1,157e969
10000000,1,1,0,LadderSort,main,6,0.027187125000,0.000000100000,0,1,157e969
10000000,1,1,0,LadderSort,main,7,0.026697084000,0.000000100000,0,1,157e969
10000000,1,1,0,LadderSort,main,8,0.028153459000,0.000000100000,0,1,157e969
10000000,1,1,0,LadderSort,main,9,0.029507667000,0.000000100000,0,1,157e969
10000000,1,1,0,LadderSort,main,10,0.027105583000,0.000000100000,0,1,157e969
10000000,1,1,0,HybridLadderSort,hybrid,1,0.026662541000,0.000000100000,0,1,157e969
10000000,1,1,0,HybridLadderSort,hybrid,2,0.027141042000,0.000000100000,0,1,157e969
10000000,1,1,0,HybridLadderSort,hybrid,3,0.027217709000,0.000000100000,0,1,157e969
10000000,1,1,0,HybridLadderSort,hybrid,4,0.027583625000,0.000000100000,0,1,157e969
10000000,1,1,0,HybridLadderSort,hybrid,5,0.027792333000,0.000000100000,0,1,157e969
10000000,1,1,0,HybridLadderSort,hybrid,6,0.027589083000,0.000000100000,0,1,157e969
10000000,1,1,0,HybridLadderSort,hybrid,7,0.027467125000,0.000000100000,0,1,157e969
10000000,1,1,0,HybridLadderSort,hybrid,8,0.027674708000,0.000000100000,0,1,157e969
10000000,1,1,0,HybridLadderSort,hybrid,9,0.027388541000,0.000000100000,0,1,157e969
10000000,1,1,0,HybridLadderSort,hybrid,10,0.027898000000,0.000000100000,0,1,157e969
10000000,1,1,0,TimSort,main,1,0.005885792000,0.000000100000,0,1,157e969
10000000,1,1,0,TimSort,main,2,0.006890250000,0.000000100000,0,1,157e969
10000000,1,1,0,TimSort,main,3,0.005961583000,0.000000100000,0,1,157e969
10000000,1,1,0,TimSort,main,4,0.006158583000,0.000000100000,0,1,157e969
10000000,1,1,0,TimSort,main,5,0.005959125000,0.000000100000,0,1,157e969
10000000,1,1,0,TimSort,main,6,0.006002500000,0.000000100000,0,1,157e969
10000000,1,1,0,TimSort,main,7,0.005929750000,0.000000100000,0,1,157e969
10000000,1,1,0,TimSort,main,8,0.005944666000,0.000000100000,0,1,157e969
10000000,1,1,0,TimSort,main,9,0.005994500000,0.000000100000,0,1,157e969
10000000,1,1,0,TimSort,main,10,0.006004583000,0.000000100000,0,1,157e969
10000000,1,1,0,StdSort,main,1,0.010135834000,0.000000100000,0,1,157e969
10000000,1,1,0,StdSort,main,2,0.010354167000,0.000000100000,0,1,157e969
10000000,1,1,0,StdSort,main,3,0.010312042000,0.000000100000,0,1,157e969
10000000,1,1,0,StdSort,main,4,0.010141833000,0.000000100000,0,1,157e969
10000000,1,1,0,StdSort,main,5,0.010320084000,0.000000100000,0,1,157e969
10000000,1,1,0,StdSort,main,6,0.010148916000,0.000000100000,0,1,157e969
10000000,1,1,0,StdSort,main,7,0.010555792000,0.000000100000,0,1,157e969
10000000,1,1,0,StdSort,main,8,0.010230875000,0.000000100000,0,1,157e969
10000000,1,1,0,StdSort,main,9,0.010382292000,0.000000100000,0,1,157e969
10000000,1,1,0,StdSort,main,10,0.010256291000,0.000000100000,0,1,157e969
10000000,1,1,0,StableSort,main,1,0.205267750000,0.000000100000,0,1,157e969
10000000,1,1,0,StableSort,main,2,0.148023458000,0.000000100000,0,1,157e969
10000000,1,1,0,StableSort,main,3,0.143824541000,0.000000100000,0,1,157e969
10000000,1,1,0,StableSort,main,4,0.146532542000,0.000000100000,0,1,157e969
10000000,1,1,0,StableSort,main,5,0.146325208000,0.000000100000,0,1,157e969
10000000,1,1,0,StableSort,main,6,0.145919917000,0.000000100000,0,1,157e969
10000000,1,1,0,StableSort,main,7,0.145612000000,0.000000100000,0,1,157e969
10000000,1,1,0,StableSort,main,8,0.145104292000,0.000000100000,0,1,157e969
10000000,1,1,0,StableSort,main,9,0.144778000000,0.000000100000,0,1,157e969
10000000,1,1,0,StableSort,main,10,0.147232875000,0.000000100000,0,1,157e969
10000000,2,2,0,LadderSort,main,1,0.055293209000,0.000000200000,0,1,157e969
10000000,2,2,0,LadderSort,main,2,0.055143083000,0.000000200000,0,1,157e969
10000000,2,2,0,LadderSort,main,3,0.054844541000,0.000000200000,0,1,157e969
10000000,2,2,0,LadderSort,main,4,0.055313417000,0.000000200000,0,1,157e969
10000000,2,2,0,LadderSort,main,5,0.054396542000,0.000000200000,0,1,157e969
10000000,2,2,0,LadderSort,main,6,0.054794125000,0.000000200000,0,1,157e969
10000000,2,2,0,LadderSort,main,7,0.054774167000,0.000000200000,0,1,157e969
10000000,2,2,0,LadderSort,main,8,0.055150625000,0.000000200000,0,1,157e969
10000000,2,2,0,LadderSort,main,9,0.056397875000,0.000000200000,0,1,157e969
10000000,2,2,0,LadderSort,main,10,0.054408417000,0.000000200000,0,1,157e969
10000000,2,2,0,HybridLadderSort,hybrid,1,0.053454792000,0.000000200000,0,1,157e969
10000000,2,2,0,HybridLadderSort,hybrid,2,0.055942750000,0.000000200000,0,1,157e969
10000000,2,2,0,HybridLadderSort,hybrid,3,0.055215708000,0.000000200000,0,1,157e969
10000000,2,2,0,HybridLadderSort,hybrid,4,0.055082042000,0.000000200000,0,1,157e969
10000000,2,2,0,HybridLadderSort,hybrid,5,0.054382584000,0.000000200000,0,1,157e969
10000000,2,2,0,HybridLadderSort,hybrid,6,0.054299792000,0.000000200000,0,1,157e969
10000000,2,2,0,HybridLadderSort,hybrid,7,0.055257458000,0.000000200000,0,1,157e969
10000000,2,2,0,HybridLadderSort,hybrid,8,0.054706667000,0.000000200000,0,1,157e969
10000000,2,2,0,HybridLadderSort,hybrid,9,0.055279584000,0.000000200000,0,1,157e969
10000000,2,2,0,HybridLadderSort,hybrid,10,0.055542708000,0.000000200000,0,1,157e969
10000000,2,2,0,TimSort,main,1,0.104908583000,0.000000200000,0,1,157e969
10000000,2,2,0,TimSort,main,2,0.106098792000,0.000000200000,0,1,157e969
10000000,2,2,0,TimSort,main,3,0.107374500000,0.000000200000,0,1,157e969
10000000,2,2,0,TimSort,main,4,0.106195166000,0.000000200000,0,1,157e969
10000000,2,2,0,TimSort,main,5,0.107532791000,0.000000200000,0,1,157e969
10000000,2,2,0,TimSort,main,6,0.106438292000,0.000000200000,0,1,157e969
10000000,2,2,0,TimSort,main,7,0.106115542000,0.000000200000,0,1,157e969
10000000,2,2,0,TimSort,main,8,0.106973708000,0.000000200000,0,1,157e969
10000000,2,2,0,TimSort,main,9,0.107248125000,0.000000200000,0,1,157e969
10000000,2,2,0,TimSort,main,10,0.106315417000,0.000000200000,0,1,157e969
10000000,2,2,0,StdSort,main,1,0.090866875000,0.000000200000,0,1,157e969
10000000,2,2,0,StdSort,main,2,0.090233333000,0.000000200000,0,1,157e969
10000000,2,2,0,StdSort,main,3,0.090926708000,0.000000200000,0,1,157e969
10000000,2,2,0,StdSort,main,4,0.092418459000,0.000000200000,0,1,157e969
10000000,2,2,0,StdSort,main,5,0.091350500000,0.000000200000,0,1,157e969
10000000,2,2,0,StdSort,main,6,0.091182291000,0.000000200000,0,1,157e969
10000000,2,2,0,StdSort,main,7,0.090425958000,0.000000200000,0,1,157e969
10000000,2,2,0,StdSort,main,8,0.090255542000,0.000000200000,0,1,157e969
10000000,2,2,0,StdSort,main,9,0.090016875000,0.000000200000,0,1,157e969
10000000,2,2,0,StdSort,main,10,0.090652667000,0.000000200000,0,1,157e969
10000000,2,2,0,StableSort,main,1,0.169533750000,0.000000200000,0,1,157e969
10000000,2,2,0,StableSort,main,2,0.171015042000,0.000000200000,0,1,157e969
10000000,2,2,0,StableSort,main,3,0.168242250000,0.000000200000,0,1,157e969
10000000,2,2,0,StableSort,main,4,0.167445542000,0.000000200000,0,1,157e969
10000000,2,2,0,StableSort,main,5,0.167889792000,0.000000200000,0,1,157e969
10000000,2,2,0,StableSort,main,6,0.166687833000,0.000000200000,0,1,157e969
10000000,2,2,0,StableSort,main,7,0.167102667000,0.000000200000,0,1,157e969
10000000,2,2,0,StableSort,main,8,0.167912417000,0.000000200000,0,1,157e969
10000000,2,2,0,StableSort,main,9,0.168334500000,0.000000200000,0,1,157e969
10000000,2,2,0,StableSort,main,10,0.167693500000,0.000000200000,0,1,157e969
10000000,4,4,0,LadderSort,main,1,0.090461125000,0.000000400000,0,1,157e969
10000000,4,4,0,LadderSort,main,2,0.089887917000,0.000000400000,0,1,157e969
10000000,4,4,0,LadderSort,main,3,0.090051834000,0.000000400000,0,1,157e969
10000000,4,4,0,LadderSort,main,4,0.089573459000,0.000000400000,0,1,157e969
10000000,4,4,0,LadderSort,main,5,0.089688709000,0.000000400000,0,1,157e969
10000000,4,4,0,LadderSort,main,6,0.089710750000,0.000000400000,0,1,157e969
10000000,4,4,0,LadderSort,main,7,0.089978667000,0.000000400000,0,1,157e969
10000000,4,4,0,LadderSort,main,8,0.091180625000,0.000000400000,0,1,157e969
10000000,4,4,0,LadderSort,main,9,0.089565459000,0.000000400000,0,1,157e969
10000000,4,4,0,LadderSort,main,10,0.090699375000,0.000000400000,0,1,157e969
10000000,4,4,0,HybridLadderSort,hybrid,1,0.089435250000,0.000000400000,0,1,157e969
10000000,4,4,0,HybridLadderSort,hybrid,2,0.089548125000,0.000000400000,0,1,157e969
10000000,4,4,0,HybridLadderSort,hybrid,3,0.089762125000,0.000000400000,0,1,157e969
10000000,4,4,0,HybridLadderSort,hybrid,4,0.089766375000,0.000000400000,0,1,157e969
10000000,4,4,0,HybridLadderSort,hybrid,5,0.089771250000,0.000000400000,0,1,157e969
10000000,4,4,0,HybridLadderSort,hybrid,6,0.089700291000,0.000000400000,0,1,157e969
10000000,4,4,0,HybridLadderSort,hybrid,7,0.089889917000,0.000000400000,0,1,157e969
10000000,4,4,0,HybridLadderSort,hybrid,8,0.088962500000,0.000000400000,0,1,157e969
10000000,4,4,0,HybridLadderSort,hybrid,9,0.089767000000,0.000000400000,0,1,157e969
10000000,4,4,0,HybridLadderSort,hybrid,10,0.090079416000,0.000000400000,0,1,157e969
10000000,4,4,0,TimSort,main,1,0.112753583000,0.000000400000,0,1,157e969
10000000,4,4,0,TimSort,main,2,0.113503167000,0.000000400000,0,1,157e969
10000000,4,4,0,TimSort,main,3,0.114243125000,0.000000400000,0,1,157e969
10000000,4,4,0,TimSort,main,4,0.113566042000,0.000000400000,0,1,157e969
10000000,4,4,0,TimSort,main,5,0.113012083000,0.000000400000,0,1,157e969
10000000,4,4,0,TimSort,main,6,0.113313667000,0.000000400000,0,1,157e969
10000000,4,4,0,TimSort,main,7,0.112978583000,0.000000400000,0,1,157e969
10000000,4,4,0,TimSort,main,8,0.113064834000,0.000000400000,0,1,157e969
10000000,4,4,0,TimSort,main,9,0.112924083000,0.000000400000,0,1,157e969
10000000,4,4,0,TimSort,main,10,0.112455833000,0.000000400000,0,1,157e969
10000000,4,4,0,StdSort,main,1,0.089973000000,0.000000400000,0,1,157e969
10000000,4,4,0,StdSort,main,2,0.090424625000,0.000000400000,0,1,157e969
10000000,4,4,0,StdSort,main,3,0.090774042000,0.000000400000,0,1,157e969
10000000,4,4,0,StdSort,main,4,0.090714959000,0.000000400000,0,1,157e969
10000000,4,4,0,StdSort,main,5,0.090015750000,0.000000400000,0,1,157e969
10000000,4,4,0,StdSort,main,6,0.090176375000,0.000000400000,0,1,157e969
10000000,4,4,0,StdSort,main,7,0.090375042000,0.000000400000,0,1,157e969
10000000,4,4,0,StdSort,main,8,0.090661625000,0.000000400000,0,1,157e969
10000000,4,4,0,StdSort,main,9,0.089740542000,0.000000400000,0,1,157e969
10000000,4,4,0,StdSort,main,10,0.090048250000,0.000000400000,0,1,157e969
10000000,4,4,0,StableSort,main,1,0.167273375000,0.000000400000,0,1,157e969
10000000,4,4,0,StableSort,main,2,0.167560125000,0.000000400000,0,1,157e969
10000000,4,4,0,StableSort,main,3,0.169127084000,0.000000400000,0,1,157e969
10000000,4,4,0,StableSort,main,4,0.170289666000,0.000000400000,0,1,157e969
10000000,4,4,0,StableSort,main,5,0.167931542000,0.000000400000,0,1,157e969
10000000,4,4,0,StableSort,main,6,0.167607666000,0.000000400000,0,1,157e969
10000000,4,4,0,StableSort,main,7,0.168654417000,0.000000400000,0,1,157e969
10000000,4,4,0,StableSort,main,8,0.167431917000,0.000000400000,0,1,157e969
10000000,4,4,0,StableSort,main,9,0.169968041000,0.000000400000,0,1,157e969
10000000,4,4,0,StableSort,main,10,0.168566000000,0.000000400000,0,1,157e969
10000000,8,8,0,LadderSort,main,1,0.097872334000,0.000000800000,0,1,157e969
10000000,8,8,0,LadderSort,main,2,0.105649000000,0.000000800000,0,1,157e969
10000000,8,8,0,LadderSort,main,3,0.101676625000,0.000000800000,0,1,157e969
10000000,8,8,0,LadderSort,main,4,0.102058791000,0.000000800000,0,1,157e969
10000000,8,8,0,LadderSort,main,5,0.100838584000,0.000000800000,0,1,157e969
10000000,8,8,0,LadderSort,main,6,0.101251833000,0.000000800000,0,1,157e969
10000000,8,8,0,LadderSort,main,7,0.101855666000,0.000000800000,0,1,157e969
10000000,8,8,0,LadderSort,main,8,0.140134250000,0.000000800000,0,1,157e969
10000000,8,8,0,LadderSort,main,9,0.097906875000,0.000000800000,0,1,157e969
10000000,8,8,0,LadderSort,main,10,0.097578917000,0.000000800000,0,1,157e969
10000000,8,8,0,HybridLadderSort,hybrid,1,0.096757541000,0.000000800000,0,1,157e969
10000000,8,8,0,HybridLadderSort,hybrid,2,0.097728208000,0.000000800000,0,1,157e969
10000000,8,8,0,HybridLadderSort,hybrid,3,0.097150375000,0.000000800000,0,1,157e969
10000000,8,8,0,HybridLadderSort,hybrid,4,0.139790834000,0.000000800000,0,1,157e969
10000000,8,8,0,HybridLadderSort,hybrid,5,0.098548375000,0.000000800000,0,1,157e969
10000000,8,8,0,HybridLadderSort,hybrid,6,0.097145458000,0.000000800000,0,1,157e969
10000000,8,8,0,HybridLadderSort,hybrid,7,0.097147917000,0.000000800000,0,1,157e969
10000000,8,8,0,HybridLadderSort,hybrid,8,0.097451541000,0.000000800000,0,1,157e969
10000000,8,8,0,HybridLadderSort,hybrid,9,0.097765916000,0.000000800000,0,1,157e969
10000000,8,8,0,HybridLadderSort,hybrid,10,0.098085125000,0.000000800000,0,1,157e969
10000000,8,8,0,TimSort,main,1,0.130121917000,0.000000800000,0,1,157e969
10000000,8,8,0,TimSort,main,2,0.130985834000,0.000000800000,0,1,157e969
10000000,8,8,0,TimSort,main,3,0.131543542000,0.000000800000,0,1,157e969
10000000,8,8,0,TimSort,main,4,0.131190041000,0.000000800000,0,1,157e969
10000000,8,8,0,TimSort,main,5,0.131684916000,0.000000800000,0,1,157e969
10000000,8,8,0,TimSort,main,6,0.130581167000,0.000000800000,0,1,157e969
10000000,8,8,0,TimSort,main,7,0.130657584000,0.000000800000,0,1,157e969
10000000,8,8,0,TimSort,main,8,0.130017542000,0.000000800000,0,1,157e969
10000000,8,8,0,TimSort,main,9,0.130999459000,0.000000800000,0,1,157e969
10000000,8,8,0,TimSort,main,10,0.131610500000,0.000000800000,0,1,157e969
10000000,8,8,0,StdSort,main,1,0.104666333000,0.000000800000,0,1,157e969
10000000,8,8,0,StdSort,main,2,0.104996833000,0.000000800000,0,1,157e969
10000000,8,8,0,StdSort,main,3,0.104972834000,0.000000800000,0,1,157e969
10000000,8,8,0,StdSort,main,4,0.106513125000,0.000000800000,0,1,157e969
10000000,8,8,0,StdSort,main,5,0.104618000000,0.000000800000,0,1,157e969
10000000,8,8,0,StdSort,main,6,0.105020750000,0.000000800000,0,1,157e969
10000000,8,8,0,StdSort,main,7,0.115701208000,0.000000800000,0,1,157e969
10000000,8,8,0,StdSort,main,8,0.108473584000,0.000000800000,0,1,157e969
10000000,8,8,0,StdSort,main,9,0.105088584000,0.000000800000,0,1,157e969
10000000,8,8,0,StdSort,main,10,0.104305959000,0.000000800000,0,1,157e969
10000000,8,8,0,StableSort,main,1,0.166711042000,0.000000800000,0,1,157e969
10000000,8,8,0,StableSort,main,2,0.167485875000,0.000000800000,0,1,157e969
10000000,8,8,0,StableSort,main,3,0.167475292000,0.000000800000,0,1,157e969
10000000,8,8,0,StableSort,main,4,0.168444791000,0.000000800000,0,1,157e969
10000000,8,8,0,StableSort,main,5,0.167749250000,0.000000800000,0,1,157e969
10000000,8,8,0,StableSort,main,6,0.167935625000,0.000000800000,0,1,157e969
10000000,8,8,0,StableSort,main,7,0.167136167000,0.000000800000,0,1,157e969
10000000,8,8,0,StableSort,main,8,0.167163416000,0.000000800000,0,1,157e969
10000000,8,8,0,StableSort,main,9,0.166592375000,0.000000800000,0,1,157e969
10000000,8,8,0,StableSort,main,10,0.168295417000,0.000000800000,0,1,157e969
10000000,16,16,0,LadderSort,main,1,0.111050375000,0.000001600000,0,1,157e969
10000000,16,16,0,LadderSort,main,2,0.111102625000,0.000001600000,0,1,157e969
10000000,16,16,0,LadderSort,main,3,0.111045125000,0.000001600000,0,1,157e969
10000000,16,16,0,LadderSort,main,4,0.110666833000,0.000001600000,0,1,157e969
10000000,16,16,0,LadderSort,main,5,0.110852209000,0.000001600000,0,1,157e969
10000000,16,16,0,LadderSort,main,6,0.110884875000,0.000001600000,0,1,157e969
10000000,16,16,0,LadderSort,main,7,0.110632917000,0.000001600000,0,1,157e969
10000000,16,16,0,LadderSort,main,8,0.110574584000,0.000001600000,0,1,157e969
10000000,16,16,0,LadderSort,main,9,0.110539500000,0.000001600000,0,1,157e969
10000000,16,16,0,LadderSort,main,10,0.110913208000,0.000001600000,0,1,157e969
10000000,16,16,0,HybridLadderSort,hybrid,1,0.109850958000,0.000001600000,0,1,157e969
10000000,16,16,0,HybridLadderSort,hybrid,2,0.109733291000,0.000001600000,0,1,157e969
10000000,16,16,0,HybridLadderSort,hybrid,3,0.110794500000,0.000001600000,0,1,157e969
10000000,16,16,0,HybridLadderSort,hybrid,4,0.110126750000,0.000001600000,0,1,157e969
10000000,16,16,0,HybridLadderSort,hybrid,5,0.110992625000,0.000001600000,0,1,157e969
10000000,16,16,0,HybridLadderSort,hybrid,6,0.109737833000,0.000001600000,0,1,157e969
10000000,16,16,0,HybridLadderSort,hybrid,7,0.110564500000,0.000001600000,0,1,157e969
10000000,16,16,0,HybridLadderSort,hybrid,8,0.111306583000,0.000001600000,0,1,157e969
10000000,16,16,0,HybridLadderSort,hybrid,9,0.112111417000,0.000001600000,0,1,157e969
10000000,16,16,0,HybridLadderSort,hybrid,10,0.110624000000,0.000001600000,0,1,157e969
10000000,16,16,0,TimSort,main,1,0.134327834000,0.000001600000,0,1,157e969
10000000,16,16,0,TimSort,main,2,0.135184458000,0.000001600000,0,1,157e969
10000000,16,16,0,TimSort,main,3,0.135013125000,0.000001600000,0,1,157e969
10000000,16,16,0,TimSort,main,4,0.135148000000,0.000001600000,0,1,157e969
10000000,16,16,0,TimSort,main,5,0.134162958000,0.000001600000,0,1,157e969
10000000,16,16,0,TimSort,main,6,0.134995042000,0.000001600000,0,1,157e969
10000000,16,16,0,TimSort,main,7,0.134012834000,0.000001600000,0,1,157e969
10000000,16,16,0,TimSort,main,8,0.134141042000,0.000001600000,0,1,157e969
10000000,16,16,0,TimSort,main,9,0.134750250000,0.000001600000,0,1,157e969
10000000,16,16,0,TimSort,main,10,0.134361291000,0.000001600000,0,1,157e969
10000000,16,16,0,StdSort,main,1,0.112958042000,0.000001600000,0,1,157e969
10000000,16,16,0,StdSort,main,2,0.113919292000,0.000001600000,0,1,157e969
10000000,16,16,0,StdSort,main,3,0.112750250000,0.000001600000,0,1,157e969
10000000,16,16,0,StdSort,main,4,0.112434417000,0.000001600000,0,1,157e969
10000000,16,16,0,StdSort,main,5,0.113925625000,0.000001600000,0,1,157e969
10000000,16,16,0,StdSort,main,6,0.113487250000,0.000001600000,0,1,157e969
10000000,16,16,0,StdSort,main,7,0.113478167000,0.000001600000,0,1,157e969
10000000,16,16,0,StdSort,main,8,0.112929000000,0.000001600000,0,1,157e969
10000000,16,16,0,StdSort,main,9,0.149815583000,0.000001600000,0,1,157e969
10000000,16,16,0,StdSort,main,10,0.113709000000,0.000001600000,0,1,157e969
10000000,16,16,0,StableSort,main,1,0.168908708000,0.000001600000,0,1,157e969
10000000,16,16,0,StableSort,main,2,0.166805542000,0.000001600000,0,1,157e969
10000000,16,16,0,StableSort,main,3,0.165710875000,0.000001600000,0,1,157e969
10000000,16,16,0,StableSort,main,4,0.165984292000,0.000001600000,0,1,157e969
10000000,16,16,0,StableSort,main,5,0.167202417000,0.000001600000,0,1,157e969
10000000,16,16,0,StableSort,main,6,0.167911167000,0.000001600000,0,1,157e969
10000000,16,16,0,StableSort,main,7,0.170076416000,0.000001600000,0,1,157e969
10000000,16,16,0,StableSort,main,8,0.167310834000,0.000001600000,0,1,157e969
10000000,16,16,0,StableSort,main,9,0.167005875000,0.000001600000,0,1,157e969
10000000,16,16,0,StableSort,main,10,0.168571417000,0.000001600000,0,1,157e969
10000000,32,32,0,LadderSort,main,1,0.145010500000,0.000003200000,0,1,157e969
10000000,32,32,0,LadderSort,main,2,0.144671541000,0.000003200000,0,1,157e969
10000000,32,32,0,LadderSort,main,3,0.144422000000,0.000003200000,0,1,157e969
10000000,32,32,0,LadderSort,main,4,0.144473916000,0.000003200000,0,1,157e969
10000000,32,32,0,LadderSort,main,5,0.143915083000,0.000003200000,0,1,157e969
10000000,32,32,0,LadderSort,main,6,0.144359167000,0.000003200000,0,1,157e969
10000000,32,32,0,LadderSort,main,7,0.144476709000,0.000003200000,0,1,157e969
10000000,32,32,0,LadderSort,main,8,0.143946000000,0.000003200000,0,1,157e969
10000000,32,32,0,LadderSort,main,9,0.143956458000,0.000003200000,0,1,157e969
10000000,32,32,0,LadderSort,main,10,0.143814834000,0.000003200000,0,1,157e969
10000000,32,32,0,HybridLadderSort,hybrid,1,0.143924500000,0.000003200000,0,1,157e969
10000000,32,32,0,HybridLadderSort,hybrid,2,0.143682500000,0.000003200000,0,1,157e969
10000000,32,32,0,HybridLadderSort,hybrid,3,0.143706042000,0.000003200000,0,1,157e969
10000000,32,32,0,HybridLadderSort,hybrid,4,0.143966000000,0.000003200000,0,1,157e969
10000000,32,32,0,HybridLadderSort,hybrid,5,0.143610250000,0.000003200000,0,1,157e969
10000000,32,32,0,HybridLadderSort,hybrid,6,0.190366250000,0.000003200000,0,1,157e969
10000000,32,32,0,HybridLadderSort,hybrid,7,0.142268583000,0.000003200000,0,1,157e969
10000000,32,32,0,HybridLadderSort,hybrid,8,0.143253542000,0.000003200000,0,1,157e969
10000000,32,32,0,HybridLadderSort,hybrid,9,0.143340083000,0.000003200000,0,1,157e969
10000000,32,32,0,HybridLadderSort,hybrid,10,0.143777708000,0.000003200000,0,1,157e969
10000000,32,32,0,TimSort,main,1,0.112179458000,0.000003200000,0,1,157e969
10000000,32,32,0,TimSort,main,2,0.112813709000,0.000003200000,0,1,157e969
10000000,32,32,0,TimSort,main,3,0.112940875000,0.000003200000,0,1,157e969
10000000,32,32,0,TimSort,main,4,0.112664000000,0.000003200000,0,1,157e969
10000000,32,32,0,TimSort,main,5,0.112696833000,0.000003200000,0,1,157e969
10000000,32,32,0,TimSort,main,6,0.112374375000,0.000003200000,0,1,157e969
10000000,32,32,0,TimSort,main,7,0.112418750000,0.000003200000,0,1,157e969
10000000,32,32,0,TimSort,main,8,0.112917459000,0.000003200000,0,1,157e969
10000000,32,32,0,TimSort,main,9,0.112659708000,0.000003200000,0,1,157e969
10000000,32,32,0,TimSort,main,10,0.112739791000,0.000003200000,0,1,157e969
10000000,32,32,0,StdSort,main,1,0.122228209000,0.000003200000,0,1,157e969
10000000,32,32,0,StdSort,main,2,0.122452042000,0.000003200000,0,1,157e969
10000000,32,32,0,StdSort,main,3,0.122028792000,0.000003200000,0,1,157e969
10000000,32,32,0,StdSort,main,4,0.121970334000,0.000003200000,0,1,157e969
10000000,32,32,0,StdSort,main,5,0.122052958000,0.000003200000,0,1,157e969
10000000,32,32,0,StdSort,main,6,0.122145708000,0.000003200000,0,1,157e969
10000000,32,32,0,StdSort,main,7,0.122309583000,0.000003200000,0,1,157e969
10000000,32,32,0,StdSort,main,8,0.122202875000,0.000003200000,0,1,157e969
10000000,32,32,0,StdSort,main,9,0.121907209000,0.000003200000,0,1,157e969
10000000,32,32,0,StdSort,main,10,0.121952334000,0.000003200000,0,1,157e969
10000000,32,32,0,StableSort,main,1,0.166630292000,0.000003200000,0,1,157e969
10000000,32,32,0,StableSort,main,2,0.168016292000,0.000003200000,0,1,157e969
10000000,32,32,0,StableSort,main,3,0.167555333000,0.000003200000,0,1,157e969
10000000,32,32,0,StableSort,main,4,0.167227958000,0.000003200000,0,1,157e969
10000000,32,32,0,StableSort,main,5,0.167441250000,0.000003200000,0,1,157e969
10000000,32,32,0,StableSort,main,6,0.167308125000,0.000003200000,0,1,157e969
10000000,32,32,0,StableSort,main,7,0.167420375000,0.000003200000,0,1,157e969
10000000,32,32,0,StableSort,main,8,0.167936791000,0.000003200000,0,1,157e969
10000000,32,32,0,StableSort,main,9,0.167132917000,0.000003200000,0,1,157e969
10000000,32,32,0,StableSort,main,10,0.167359167000,0.000003200000,0,1,157e969
10000000,64,64,0,LadderSort,main,1,0.153678041000,0.000006400000,0,1,157e969
10000000,64,64,0,LadderSort,main,2,0.153489250000,0.000006400000,0,1,157e969
10000000,64,64,0,LadderSort,main,3,0.153650000000,0.000006400000,0,1,157e969
10000000,64,64,0,LadderSort,main,4,0.153044375000,0.000006400000,0,1,157e969
10000000,64,64,0,LadderSort,main,5,0.153691875000,0.000006400000,0,1,157e969
10000000,64,64,0,LadderSort,main,6,0.152473584000,0.000006400000,0,1,157e969
10000000,64,64,0,LadderSort,main,7,0.154336917000,0.000006400000,0,1,157e969
10000000,64,64,0,LadderSort,main,8,0.153487417000,0.000006400000,0,1,157e969
10000000,64,64,0,LadderSort,main,9,0.153611125000,0.000006400000,0,1,157e969
10000000,64,64,0,LadderSort,main,10,0.153267333000,0.000006400000,0,1,157e969
10000000,64,64,0,HybridLadderSort,hybrid,1,0.152702167000,0.000006400000,0,1,157e969
10000000,64,64,0,HybridLadderSort,hybrid,2,0.152893542000,0.000006400000,0,1,157e969
10000000,64,64,0,HybridLadderSort,hybrid,3,0.152866750000,0.000006400000,0,1,157e969
10000000,64,64,0,HybridLadderSort,hybrid,4,0.153362416000,0.000006400000,0,1,157e969
10000000,64,64,0,HybridLadderSort,hybrid,5,0.153275209000,0.000006400000,0,1,157e969
10000000,64,64,0,HybridLadderSort,hybrid,6,0.153131125000,0.000006400000,0,1,157e969
10000000,64,64,0,HybridLadderSort,hybrid,7,0.156348875000,0.000006400000,0,1,157e969
10000000,64,64,0,HybridLadderSort,hybrid,8,0.156551625000,0.000006400000,0,1,157e969
10000000,64,64,0,HybridLadderSort,hybrid,9,0.152832125000,0.000006400000,0,1,157e969
10000000,64,64,0,HybridLadderSort,hybrid,10,0.153473917000,0.000006400000,0,1,157e969
10000000,64,64,0,TimSort,main,1,0.009015583000,0.000006400000,0,1,157e969
10000000,64,64,0,TimSort,main,2,0.009526750000,0.000006400000,0,1,157e969
10000000,64,64,0,TimSort,main,3,0.009064416000,0.000006400000,0,1,157e969
10000000,64,64,0,TimSort,main,4,0.009544209000,0.000006400000,0,1,157e969
10000000,64,64,0,TimSort,main,5,0.009162333000,0.000006400000,0,1,157e969
10000000,64,64,0,TimSort,main,6,0.009090084000,0.000006400000,0,1,157e969
10000000,64,64,0,TimSort,main,7,0.008879083000,0.000006400000,0,1,157e969
10000000,64,64,0,TimSort,main,8,0.009148416000,0.000006400000,0,1,157e969
10000000,64,64,0,TimSort,main,9,0.008803417000,0.000006400000,0,1,157e969
10000000,64,64,0,TimSort,main,10,0.009001000000,0.000006400000,0,1,157e969
10000000,64,64,0,StdSort,main,1,0.119251542000,0.000006400000,0,1,157e969
10000000,64,64,0,StdSort,main,2,0.119082458000,0.000006400000,0,1,157e969
10000000,64,64,0,StdSort,main,3,0.119347125000,0.000006400000,0,1,157e969
10000000,64,64,0,StdSort,main,4,0.119060708000,0.000006400000,0,1,157e969
10000000,64,64,0,StdSort,main,5,0.119030417000,0.000006400000,0,1,157e969
10000000,64,64,0,StdSort,main,6,0.119586167000,0.000006400000,0,1,157e969
10000000,64,64,0,StdSort,main,7,0.119053542000,0.000006400000,0,1,157e969
10000000,64,64,0,StdSort,main,8,0.118781167000,0.000006400000,0,1,157e969
10000000,64,64,0,StdSort,main,9,0.118897125000,0.000006400000,0,1,157e969
10000000,64,64,0,StdSort,main,10,0.118844958000,0.000006400000,0,1,157e969
10000000,64,64,0,StableSort,main,1,0.168008541000,0.000006400000,0,1,157e969
10000000,64,64,0,StableSort,main,2,0.167369875000,0.000006400000,0,1,157e969
10000000,64,64,0,StableSort,main,3,0.167230042000,0.000006400000,0,1,157e969
10000000,64,64,0,StableSort,main,4,0.167079791000,0.000006400000,0,1,157e969
10000000,64,64,0,StableSort,main,5,0.167013792000,0.000006400000,0,1,157e969
10000000,64,64,0,StableSort,main,6,0.166996167000,0.000006400000,0,1,157e969
10000000,64,64,0,StableSort,main,7,0.166906458000,0.000006400000,0,1,157e969
10000000,64,64,0,StableSort,main,8,0.167360541000,0.000006400000,0,1,157e969
10000000,64,64,0,StableSort,main,9,0.167369417000,0.000006400000,0,1,157e969
10000000,64,64,0,StableSort,main,10,0.168037375000,0.000006400000,0,1,157e969
10000000,128,128,0,LadderSort,main,1,0.159694417000,0.000012800000,0,1,157e969
10000000,128,128,0,LadderSort,main,2,0.160472208000,0.000012800000,0,1,157e969
10000000,128,128,0,LadderSort,main,3,0.160155084000,0.000012800000,0,1,157e969
10000000,128,128,0,LadderSort,main,4,0.161812166000,0.000012800000,0,1,157e969
10000000,128,128,0,LadderSort,main,5,0.160574958000,0.000012800000,0,1,157e969
10000000,128,128,0,LadderSort,main,6,0.161064417000,0.000012800000,0,1,157e969
10000000,128,128,0,LadderSort,main,7,0.161244458000,0.000012800000,0,1,157e969
10000000,128,128,0,LadderSort,main,8,0.161617083000,0.000012800000,0,1,157e969
10000000,128,128,0,LadderSort,main,9,0.161564709000,0.000012800000,0,1,157e969
10000000,128,128,0,LadderSort,main,10,0.161738250000,0.000012800000,0,1,157e969
10000000,128,128,0,HybridLadderSort,hybrid,1,0.160994958000,0.000012800000,0,1,157e969
10000000,128,128,0,HybridLadderSort,hybrid,2,0.162237709000,0.000012800000,0,1,157e969
10000000,128,128,0,HybridLadderSort,hybrid,3,0.161316584000,0.000012800000,0,1,157e969
10000000,128,128,0,HybridLadderSort,hybrid,4,0.161611083000,0.000012800000,0,1,157e969
10000000,128,128,0,HybridLadderSort,hybrid,5,0.161024417000,0.000012800000,0,1,157e969
10000000,128,128,0,HybridLadderSort,hybrid,6,0.161312375000,0.000012800000,0,1,157e969
10000000,128,128,0,HybridLadderSort,hybrid,7,0.161847375000,0.000012800000,0,1,157e969
10000000,128,128,0,HybridLadderSort,hybrid,8,0.161190333000,0.000012800000,0,1,157e969
10000000,128,128,0,HybridLadderSort,hybrid,9,0.161339541000,0.000012800000,0,1,157e969
10000000,128,128,0,HybridLadderSort,hybrid,10,0.161630875000,0.000012800000,0,1,157e969
10000000,128,128,0,TimSort,main,1,0.008500709000,0.000012800000,0,1,157e969
10000000,128,128,0,TimSort,main,2,0.008738125000,0.000012800000,0,1,157e969
10000000,128,128,0,TimSort,main,3,0.008533459000,0.000012800000,0,1,157e969
10000000,128,128,0,TimSort,main,4,0.008944000000,0.000012800000,0,1,157e969
10000000,128,128,0,TimSort,main,5,0.008752084000,0.000012800000,0,1,157e969
10000000,128,128,0,TimSort,main,6,0.008802041000,0.000012800000,0,1,157e969
10000000,128,128,0,TimSort,main,7,0.008816584000,0.000012800000,0,1,157e969
10000000,128,128,0,TimSort,main,8,0.008734334000,0.000012800000,0,1,157e969
10000000,128,128,0,TimSort,main,9,0.008482792000,0.000012800000,0,1,157e969
10000000,128,128,0,TimSort,main,10,0.008706959000,0.000012800000,0,1,157e969
10000000,128,128,0,StdSort,main,1,0.117732583000,0.000012800000,0,1,157e969
10000000,128,128,0,StdSort,main,2,0.118242167000,0.000012800000,0,1,157e969
10000000,128,128,0,StdSort,main,3,0.118063458000,0.000012800000,0,1,157e969
10000000,128,128,0,StdSort,main,4,0.117971167000,0.000012800000,0,1,157e969
10000000,128,128,0,StdSort,main,5,0.117927167000,0.000012800000,0,1,157e969
10000000,128,128,0,StdSort,main,6,0.117836083000,0.000012800000,0,1,157e969
10000000,128,128,0,StdSort,main,7,0.118311334000,0.000012800000,0,1,157e969
10000000,128,128,0,StdSort,main,8,0.117079166000,0.000012800000,0,1,157e969
10000000,128,128,0,StdSort,main,9,0.118503708000,0.000012800000,0,1,157e969
10000000,128,128,0,StdSort,main,10,0.117002750000,0.000012800000,0,1,157e969
10000000,128,128,0,StableSort,main,1,0.167104917000,0.000012800000,0,1,157e969
10000000,128,128,0,StableSort,main,2,0.167234125000,0.000012800000,0,1,157e969
10000000,128,128,0,StableSort,main,3,0.167287000000,0.000012800000,0,1,157e969
10000000,128,128,0,StableSort,main,4,0.166949708000,0.000012800000,0,1,157e969
10000000,128,128,0,StableSort,main,5,0.167178250000,0.000012800000,0,1,157e969
10000000,128,128,0,StableSort,main,6,0.167127459000,0.000012800000,0,1,157e969
10000000,128,128,0,StableSort,main,7,0.167123416000,0.000012800000,0,1,157e969
10000000,128,128,0,StableSort,main,8,0.167264292000,0.000012800000,0,1,157e969
10000000,128,128,0,StableSort,main,9,0.167209542000,0.000012800000,0,1,157e969
10000000,128,128,0,StableSort,main,10,0.167127083000,0.000012800000,0,1,157e969
